store,year,sales
1,2007,146217.79207
2,2007,179436.87924
3,2007,164226.11315
4,2007,169595.39731
5,2007,163146.24123
6,2007,162059.23352
7,2007,168897.89066
8,2007,171534.97973
9,2007,157878.83286
10,2007,176360.80751
11,2007,183144.06943
12,2007,162111.35023
13,2007,169448.02003
14,2007,177396.47476
15,2007,156541.07795
