store,year,sales
1,2004,142310.89767
2,2004,135310.77274
3,2004,141368.21517
4,2004,153307.29346
5,2004,123850.57326
6,2004,144118.0987
7,2004,149395.66297
8,2004,144149.12242
9,2004,146021.1003
10,2004,138955.52326
11,2004,133052.15782
12,2004,137545.61863
13,2004,139710.10711
14,2004,132890.54427
15,2004,140744.84292
