store,year,sales
1,2003,126824.58579
2,2003,139060.04404
3,2003,117347.77752
4,2003,130924.41318
5,2003,140842.65553
6,2003,132426.41465
7,2003,137914.59821
8,2003,122700.21104
9,2003,145883.7572
10,2003,129249.81963
11,2003,119236.03154
12,2003,129237.832
13,2003,129190.81888
14,2003,126691.323
15,2003,126222.92409
