store,year,sales
1,2005,149355.86094
2,2005,131551.94075
3,2005,150997.62356
4,2005,143230.35522
5,2005,150207.645
6,2005,158151.74474
7,2005,145598.61927
8,2005,144716.697
9,2005,150943.73608
10,2005,149151.25493
11,2005,127085.59832
12,2005,161359.1011
13,2005,146879.25535
14,2005,145103.45872
15,2005,161145.07061
