store,year,sales
1,2006,157415.23834
2,2006,150666.8784
3,2006,155792.01393
4,2006,161154.70489
5,2006,169441.45806
6,2006,145877.6696
7,2006,153918.57892
8,2006,160355.91533
9,2006,160203.64144
10,2006,156651.57916
11,2006,153489.19327
12,2006,153308.85609
13,2006,179396.88282
14,2006,172248.1075
15,2006,179878.92436
