store,year,sales
1,2000,117859.26873
2,2000,103643.14038
3,2000,103359.9152
4,2000,94314.629816
5,2000,119794.11043
6,2000,88621.612646
7,2000,90887.111027
8,2000,92743.397794
9,2000,79052.732804
10,2000,111462.78665
11,2000,112959.76441
12,2000,100705.68384
13,2000,101563.43782
14,2000,107971.63182
15,2000,105368.51408
