store,year,sales
1,2002,128061.3114
2,2002,133618.75859
3,2002,118823.6527
4,2002,124382.30864
5,2002,114009.43816
6,2002,109729.81313
7,2002,108153.13571
8,2002,128289.54449
9,2002,111239.80269
10,2002,104704.42633
11,2002,122534.68247
12,2002,113034.39598
13,2002,115960.14813
14,2002,136428.62697
15,2002,110218.04173
