store,year,sales
1,2001,128945.43375
2,2001,123773.50123
3,2001,121418.29332
4,2001,108163.32016
5,2001,111802.90749
6,2001,126141.14374
7,2001,113112.01148
8,2001,98574.770774
9,2001,123448.31087
10,2001,104430.76823
11,2001,119732.2306
12,2001,128475.44855
13,2001,108157.67167
14,2001,116865.46411
15,2001,120720.57453
