store,year,sales
1,2008,169212.09669
2,2008,159704.13214
3,2008,163207.8774
4,2008,193012.00609
5,2008,180798.56442
6,2008,175440.9509
7,2008,164250.58236
8,2008,191095.62976
9,2008,166215.46717
10,2008,186668.59925
11,2008,177028.61966
12,2008,163970.8677
13,2008,198567.07606
14,2008,196397.90537
15,2008,186135.1334
