store,year,sales
1,2009,175689.09254
2,2009,172930.55966
3,2009,184073.40779
4,2009,199116.03693
5,2009,179107.5884
6,2009,180418.28433
7,2009,203761.66541
8,2009,181968.6834
9,2009,193823.06042
10,2009,195044.66953
11,2009,199332.54561
12,2009,186853.45005
13,2009,193359.28009
14,2009,171520.33742
15,2009,191630.20253
